ID,Age,Range
BLG012,8,6 to 8
blg039,6,6 to 8
BLG007,8,6 to 8
BLG008,8,6 to 8
BLG009,6,6 to 8
BLG010,8,6 to 8
BLG014,8,6 to 8
BLG015,6,6 to 8
BLG016,6,6 to 8
BLG017,6,6 to 8
blg022,7,6 to 8
blg025,6,6 to 8
blg026,8,6 to 8
blg031,8,6 to 8
blg034,6,6 to 8
blg035,6,6 to 8
blg037,7,6 to 8
BLG001,10,9 to 11
blg023,11,9 to 11
blg024,10,9 to 11
blg027,10,9 to 11
blg028,11,9 to 11
blg029,10,9 to 11
blg030,11,9 to 11
blg032,9,9 to 11
blg033,11,9 to 11
blg036,11,9 to 11
blg038,9,9 to 11
BLG101,21,Adult
BLG102,20,Adult
BLG103,22,Adult
BLG104,21,Adult
BLG105,22,Adult
BLG106,21,Adult
BLG107,20,Adult
BLG108,22,Adult
BLG109,19,Adult
BLG110,23,Adult
BLG111,21,Adult
BLG122,20,Adult
BLG123,26,Adult
BLG124,21,Adult
BLG125,20,Adult
blg127,23,Adult
blg128,19,Adult
blg129,22,Adult
blg130,20,Adult
blg131,23,Adult
blg132,20,Adult
blg133,24,Adult
blg134,24,Adult
blg135,23,Adult
blg136,23,Adult
blg137,24,Adult
blg138,22,Adult
blg139,23,Adult
blg140,20,Adult
blg141,18,Adult
blg142,18,Adult
blg143,22,Adult
blg144,39,Adult
blg146,19,Adult
blg148,20,Adult
blg149,21,Adult
blg150,25,Adult
blg151,28,Adult
blg152,19,Adult
blg153,20,Adult
blg154,18,Adult
blg155,21,Adult
blg156,20,Adult
blg157,19,Adult
blg158,18,Adult
blg159,20,Adult
Blg160,24,Adult
blg161,25,Adult
blg162,21,Adult
blg163,21,Adult
blg164,21,Adult
blg165,20,Adult
blg166,23,Adult
blg167,21,Adult
blg168,19,Adult
blg169,20,Adult
blg170,22,Adult